tourguide,Mon Jun 01 16:18:41 KST 2020,2428198400,...
tourguide,Mon Jun 01 16:18:44 KST 2020,98722700,...
tourguide,Mon Jun 01 16:18:45 KST 2020,58260500,...
tourguide,Mon Jun 01 16:18:45 KST 2020,55856400,...
tourguide,Mon Jun 01 16:18:45 KST 2020,41002700,...
tourguide,Mon Jun 01 16:18:45 KST 2020,70076100,...
tourguide,Mon Jun 01 16:18:45 KST 2020,50201000,...
tourguide,Mon Jun 01 16:18:46 KST 2020,78776700,...
tourguide,Mon Jun 01 16:18:46 KST 2020,80689200,...
tourguide,Mon Jun 01 16:18:46 KST 2020,46767000,...
tourguide1,Mon Jun 01 16:18:46 KST 2020,113167500,...
tourguide1,Mon Jun 01 16:18:47 KST 2020,67402200,...
tourguide1,Mon Jun 01 16:18:47 KST 2020,66757400,...
tourguide1,Mon Jun 01 16:18:47 KST 2020,50650400,...
tourguide1,Mon Jun 01 16:18:47 KST 2020,38042900,...
tourguide1,Mon Jun 01 16:18:47 KST 2020,49752100,...
tourguide1,Mon Jun 01 16:18:48 KST 2020,40690200,...
tourguide1,Mon Jun 01 16:18:48 KST 2020,65179300,...
tourguide1,Mon Jun 01 16:18:48 KST 2020,47085500,...
tourguide1,Mon Jun 01 16:18:48 KST 2020,41924000,...
busanmovie1,Mon Jun 01 16:18:48 KST 2020,33255500,...
busanmovie1,Mon Jun 01 16:18:48 KST 2020,43117700,...
busanmovie1,Mon Jun 01 16:18:49 KST 2020,64291600,...
busanmovie1,Mon Jun 01 16:18:49 KST 2020,58728900,...
busanmovie1,Mon Jun 01 16:18:49 KST 2020,38891600,...
busanmovie1,Mon Jun 01 16:18:49 KST 2020,48717800,...
busanmovie1,Mon Jun 01 16:18:50 KST 2020,50204000,...
busanmovie1,Mon Jun 01 16:18:50 KST 2020,61459400,...
busanmovie1,Mon Jun 01 16:18:50 KST 2020,45945500,...
busanmovie1,Mon Jun 01 16:18:50 KST 2020,56390600,...
busanmovie2,Mon Jun 01 16:18:50 KST 2020,39131600,...
busanmovie2,Mon Jun 01 16:18:51 KST 2020,52496100,...
busanmovie2,Mon Jun 01 16:18:51 KST 2020,36094100,...
busanmovie2,Mon Jun 01 16:18:51 KST 2020,56473900,...
busanmovie2,Mon Jun 01 16:18:51 KST 2020,44990400,...
busanmovie2,Mon Jun 01 16:18:51 KST 2020,32588400,...
busanmovie2,Mon Jun 01 16:18:52 KST 2020,55657800,...
busanmovie2,Mon Jun 01 16:18:52 KST 2020,65204000,...
busanmovie2,Mon Jun 01 16:18:52 KST 2020,39195000,...
busanmovie2,Mon Jun 01 16:18:52 KST 2020,39850300,...
busanmovie3,Mon Jun 01 16:18:52 KST 2020,57592700,...
busanmovie3,Mon Jun 01 16:18:52 KST 2020,42202400,...
busanmovie3,Mon Jun 01 16:18:53 KST 2020,333723100,...
busanmovie3,Mon Jun 01 16:18:53 KST 2020,162885800,...
busanmovie3,Mon Jun 01 16:18:53 KST 2020,36901900,...
busanmovie3,Mon Jun 01 16:18:54 KST 2020,34034500,...
busanmovie3,Mon Jun 01 16:18:54 KST 2020,47310700,...
busanmovie3,Mon Jun 01 16:18:54 KST 2020,70533500,...
busanmovie3,Mon Jun 01 16:18:54 KST 2020,49605700,...
busanmovie3,Mon Jun 01 16:18:54 KST 2020,38276300,...
busanmovie4,Mon Jun 01 16:18:55 KST 2020,42537400,...
busanmovie4,Mon Jun 01 16:18:55 KST 2020,59060400,...
busanmovie4,Mon Jun 01 16:18:55 KST 2020,311105300,...
busanmovie4,Mon Jun 01 16:18:55 KST 2020,255520300,...
busanmovie4,Mon Jun 01 16:18:56 KST 2020,46276300,...
busanmovie4,Mon Jun 01 16:18:56 KST 2020,55210400,...
busanmovie4,Mon Jun 01 16:18:56 KST 2020,33697400,...
busanmovie4,Mon Jun 01 16:18:56 KST 2020,49697900,...
busanmovie4,Mon Jun 01 16:18:57 KST 2020,51677400,...
busanmovie4,Mon Jun 01 16:18:57 KST 2020,51675400,...
busanmovie5,Mon Jun 01 16:18:57 KST 2020,55183700,...
busanmovie5,Mon Jun 01 16:18:57 KST 2020,34490600,...
busanmovie5,Mon Jun 01 16:18:57 KST 2020,40420900,...
busanmovie5,Mon Jun 01 16:18:58 KST 2020,37528000,...
busanmovie5,Mon Jun 01 16:18:58 KST 2020,32164100,...
busanmovie5,Mon Jun 01 16:18:58 KST 2020,56267600,...
busanmovie5,Mon Jun 01 16:18:58 KST 2020,55156100,...
busanmovie5,Mon Jun 01 16:18:58 KST 2020,40998300,...
busanmovie5,Mon Jun 01 16:18:59 KST 2020,39817900,...
busanmovie5,Mon Jun 01 16:18:59 KST 2020,47294500,...
busanmovie6,Mon Jun 01 16:18:59 KST 2020,43174700,...
busanmovie6,Mon Jun 01 16:18:59 KST 2020,36955300,...
busanmovie6,Mon Jun 01 16:18:59 KST 2020,369533200,...
busanmovie6,Mon Jun 01 16:19:00 KST 2020,93661400,...
busanmovie6,Mon Jun 01 16:19:00 KST 2020,46505500,...
busanmovie6,Mon Jun 01 16:19:00 KST 2020,55166100,...
busanmovie6,Mon Jun 01 16:19:01 KST 2020,42970000,...
busanmovie6,Mon Jun 01 16:19:01 KST 2020,62736300,...
busanmovie6,Mon Jun 01 16:19:01 KST 2020,50561600,...
busanmovie6,Mon Jun 01 16:19:01 KST 2020,48553100,...
koreanhistory,Mon Jun 01 16:19:01 KST 2020,53029100,...
koreanhistory,Mon Jun 01 16:19:02 KST 2020,61382700,...
koreanhistory,Mon Jun 01 16:19:02 KST 2020,38524500,...
koreanhistory,Mon Jun 01 16:19:02 KST 2020,49610200,...
koreanhistory,Mon Jun 01 16:19:02 KST 2020,34598900,...
koreanhistory,Mon Jun 01 16:19:02 KST 2020,45123400,...
koreanhistory,Mon Jun 01 16:19:03 KST 2020,52682000,...
koreanhistory,Mon Jun 01 16:19:03 KST 2020,53424100,...
koreanhistory,Mon Jun 01 16:19:03 KST 2020,55203200,...
koreanhistory,Mon Jun 01 16:19:03 KST 2020,46243000,...
koreanhistory1,Mon Jun 01 16:19:03 KST 2020,32912500,...
koreanhistory1,Mon Jun 01 16:19:04 KST 2020,42224700,...
koreanhistory1,Mon Jun 01 16:19:04 KST 2020,60340300,...
koreanhistory1,Mon Jun 01 16:19:04 KST 2020,62283400,...
koreanhistory1,Mon Jun 01 16:19:04 KST 2020,53676100,...
koreanhistory1,Mon Jun 01 16:19:04 KST 2020,47083200,...
koreanhistory1,Mon Jun 01 16:19:05 KST 2020,55418700,...
koreanhistory1,Mon Jun 01 16:19:05 KST 2020,37863600,...
koreanhistory1,Mon Jun 01 16:19:05 KST 2020,60383100,...
koreanhistory1,Mon Jun 01 16:19:05 KST 2020,55813700,...
roadkillstatus,Mon Jun 01 16:19:05 KST 2020,45082600,...
roadkillstatus,Mon Jun 01 16:19:06 KST 2020,55899100,...
roadkillstatus,Mon Jun 01 16:19:06 KST 2020,45079400,...
roadkillstatus,Mon Jun 01 16:19:06 KST 2020,34600400,...
roadkillstatus,Mon Jun 01 16:19:06 KST 2020,35951700,...
roadkillstatus,Mon Jun 01 16:19:06 KST 2020,52559000,...
roadkillstatus,Mon Jun 01 16:19:06 KST 2020,57108900,...
roadkillstatus,Mon Jun 01 16:19:07 KST 2020,58083500,...
roadkillstatus,Mon Jun 01 16:19:07 KST 2020,48090900,...
roadkillstatus,Mon Jun 01 16:19:07 KST 2020,53376500,...
roadkillstatus1,Mon Jun 01 16:19:07 KST 2020,49022400,...
roadkillstatus1,Mon Jun 01 16:19:08 KST 2020,41761600,...
roadkillstatus1,Mon Jun 01 16:19:08 KST 2020,47849700,...
roadkillstatus1,Mon Jun 01 16:19:08 KST 2020,50788400,...
roadkillstatus1,Mon Jun 01 16:19:08 KST 2020,35638400,...
roadkillstatus1,Mon Jun 01 16:19:08 KST 2020,57254100,...
roadkillstatus1,Mon Jun 01 16:19:09 KST 2020,35648400,...
roadkillstatus1,Mon Jun 01 16:19:09 KST 2020,44194500,...
roadkillstatus1,Mon Jun 01 16:19:09 KST 2020,44415500,...
roadkillstatus1,Mon Jun 01 16:19:09 KST 2020,40478100,...
endangeredanimals,Mon Jun 01 16:19:09 KST 2020,47311500,...
endangeredanimals,Mon Jun 01 16:19:09 KST 2020,41455500,...
endangeredanimals,Mon Jun 01 16:19:10 KST 2020,32812900,...
endangeredanimals,Mon Jun 01 16:19:10 KST 2020,35374600,...
endangeredanimals,Mon Jun 01 16:19:10 KST 2020,47017000,...
endangeredanimals,Mon Jun 01 16:19:10 KST 2020,57975100,...
endangeredanimals,Mon Jun 01 16:19:10 KST 2020,53886000,...
endangeredanimals,Mon Jun 01 16:19:11 KST 2020,54265900,...
endangeredanimals,Mon Jun 01 16:19:11 KST 2020,49135300,...
endangeredanimals,Mon Jun 01 16:19:11 KST 2020,40896200,...
endangeredanimals1,Mon Jun 01 16:19:11 KST 2020,52750800,...
endangeredanimals1,Mon Jun 01 16:19:11 KST 2020,52249200,...
endangeredanimals1,Mon Jun 01 16:19:12 KST 2020,31565800,...
endangeredanimals1,Mon Jun 01 16:19:12 KST 2020,33528000,...
endangeredanimals1,Mon Jun 01 16:19:12 KST 2020,37813500,...
endangeredanimals1,Mon Jun 01 16:19:12 KST 2020,33622300,...
endangeredanimals1,Mon Jun 01 16:19:12 KST 2020,39813400,...
endangeredanimals1,Mon Jun 01 16:19:12 KST 2020,57548500,...
endangeredanimals1,Mon Jun 01 16:19:13 KST 2020,34465100,...
endangeredanimals1,Mon Jun 01 16:19:13 KST 2020,31972800,...
nationalparkstatus,Mon Jun 01 16:19:13 KST 2020,34179200,...
nationalparkstatus,Mon Jun 01 16:19:13 KST 2020,41603200,...
nationalparkstatus,Mon Jun 01 16:19:13 KST 2020,54033400,...
nationalparkstatus,Mon Jun 01 16:19:14 KST 2020,35249400,...
nationalparkstatus,Mon Jun 01 16:19:14 KST 2020,45239000,...
nationalparkstatus,Mon Jun 01 16:19:14 KST 2020,40309800,...
nationalparkstatus,Mon Jun 01 16:19:14 KST 2020,36832700,...
nationalparkstatus,Mon Jun 01 16:19:14 KST 2020,60564900,...
nationalparkstatus,Mon Jun 01 16:19:14 KST 2020,33493700,...
nationalparkstatus,Mon Jun 01 16:19:15 KST 2020,58735500,...
nationalparkstatus1,Mon Jun 01 16:19:15 KST 2020,55174500,...
nationalparkstatus1,Mon Jun 01 16:19:15 KST 2020,56344800,...
nationalparkstatus1,Mon Jun 01 16:19:15 KST 2020,52231900,...
nationalparkstatus1,Mon Jun 01 16:19:15 KST 2020,35436100,...
nationalparkstatus1,Mon Jun 01 16:19:16 KST 2020,59300700,...
nationalparkstatus1,Mon Jun 01 16:19:16 KST 2020,34417700,...
nationalparkstatus1,Mon Jun 01 16:19:16 KST 2020,36669900,...
nationalparkstatus1,Mon Jun 01 16:19:16 KST 2020,48048900,...
nationalparkstatus1,Mon Jun 01 16:19:16 KST 2020,33632500,...
nationalparkstatus1,Mon Jun 01 16:19:17 KST 2020,32392700,...
research1,Mon Jun 01 16:19:17 KST 2020,36239100,...
research1,Mon Jun 01 16:19:17 KST 2020,38919400,...
research1,Mon Jun 01 16:19:17 KST 2020,32842900,...
research1,Mon Jun 01 16:19:17 KST 2020,36169200,...
research1,Mon Jun 01 16:19:18 KST 2020,51340100,...
research1,Mon Jun 01 16:19:18 KST 2020,40266800,...
research1,Mon Jun 01 16:19:18 KST 2020,51481700,...
research1,Mon Jun 01 16:19:18 KST 2020,52196200,...
research1,Mon Jun 01 16:19:18 KST 2020,51958400,...
research1,Mon Jun 01 16:19:18 KST 2020,63246100,...
research2,Mon Jun 01 16:19:19 KST 2020,50529100,...
research2,Mon Jun 01 16:19:19 KST 2020,33227300,...
research2,Mon Jun 01 16:19:19 KST 2020,51120000,...
research2,Mon Jun 01 16:19:19 KST 2020,41590800,...
research2,Mon Jun 01 16:19:19 KST 2020,33479100,...
research2,Mon Jun 01 16:19:20 KST 2020,33906900,...
research2,Mon Jun 01 16:19:20 KST 2020,50854000,...
research2,Mon Jun 01 16:19:20 KST 2020,39234100,...
research2,Mon Jun 01 16:19:20 KST 2020,37331000,...
research2,Mon Jun 01 16:19:20 KST 2020,34370200,...
research3,Mon Jun 01 16:19:21 KST 2020,51648600,...
research3,Mon Jun 01 16:19:21 KST 2020,54734500,...
research3,Mon Jun 01 16:19:21 KST 2020,50796700,...
research3,Mon Jun 01 16:19:21 KST 2020,40566800,...
research3,Mon Jun 01 16:19:21 KST 2020,47326000,...
research3,Mon Jun 01 16:19:22 KST 2020,55385000,...
research3,Mon Jun 01 16:19:22 KST 2020,29025400,...
research3,Mon Jun 01 16:19:22 KST 2020,51173400,...
research3,Mon Jun 01 16:19:22 KST 2020,35662200,...
research3,Mon Jun 01 16:19:22 KST 2020,37967600,...
research4,Mon Jun 01 16:19:22 KST 2020,51830400,...
research4,Mon Jun 01 16:19:23 KST 2020,50876800,...
research4,Mon Jun 01 16:19:23 KST 2020,39344100,...
research4,Mon Jun 01 16:19:23 KST 2020,44717800,...
research4,Mon Jun 01 16:19:23 KST 2020,37431100,...
research4,Mon Jun 01 16:19:23 KST 2020,33399600,...
research4,Mon Jun 01 16:19:24 KST 2020,35261100,...
research4,Mon Jun 01 16:19:24 KST 2020,33166000,...
research4,Mon Jun 01 16:19:24 KST 2020,37130100,...
research4,Mon Jun 01 16:19:24 KST 2020,47383200,...
research5,Mon Jun 01 16:19:24 KST 2020,33737500,...
research5,Mon Jun 01 16:19:25 KST 2020,34583500,...
research5,Mon Jun 01 16:19:25 KST 2020,34565000,...
research5,Mon Jun 01 16:19:25 KST 2020,50880900,...
research5,Mon Jun 01 16:19:25 KST 2020,39761400,...
research5,Mon Jun 01 16:19:25 KST 2020,53827400,...
research5,Mon Jun 01 16:19:26 KST 2020,51839200,...
research5,Mon Jun 01 16:19:26 KST 2020,29645500,...
research5,Mon Jun 01 16:19:26 KST 2020,50679300,...
research5,Mon Jun 01 16:19:26 KST 2020,56583100,...
research6,Mon Jun 01 16:19:26 KST 2020,32870200,...
research6,Mon Jun 01 16:19:26 KST 2020,45330600,...
research6,Mon Jun 01 16:19:27 KST 2020,50320800,...
research6,Mon Jun 01 16:19:27 KST 2020,33039300,...
research6,Mon Jun 01 16:19:27 KST 2020,51712600,...
research6,Mon Jun 01 16:19:27 KST 2020,37171200,...
research6,Mon Jun 01 16:19:27 KST 2020,29672900,...
research6,Mon Jun 01 16:19:28 KST 2020,42146900,...
research6,Mon Jun 01 16:19:28 KST 2020,33209900,...
research6,Mon Jun 01 16:19:28 KST 2020,30576800,...
research7,Mon Jun 01 16:19:28 KST 2020,50836000,...
research7,Mon Jun 01 16:19:28 KST 2020,33891700,...
research7,Mon Jun 01 16:19:28 KST 2020,30123700,...
research7,Mon Jun 01 16:19:29 KST 2020,50868200,...
research7,Mon Jun 01 16:19:29 KST 2020,51557800,...
research7,Mon Jun 01 16:19:29 KST 2020,33271500,...
research7,Mon Jun 01 16:19:29 KST 2020,46543200,...
research7,Mon Jun 01 16:19:29 KST 2020,51498300,...
research7,Mon Jun 01 16:19:30 KST 2020,35005000,...
research7,Mon Jun 01 16:19:30 KST 2020,46510200,...
research8,Mon Jun 01 16:19:30 KST 2020,42691400,...
research8,Mon Jun 01 16:19:30 KST 2020,32178900,...
research8,Mon Jun 01 16:19:30 KST 2020,50529300,...
research8,Mon Jun 01 16:19:31 KST 2020,44724800,...
research8,Mon Jun 01 16:19:31 KST 2020,35828500,...
research8,Mon Jun 01 16:19:31 KST 2020,35035800,...
research8,Mon Jun 01 16:19:31 KST 2020,37752600,...
research8,Mon Jun 01 16:19:31 KST 2020,38666500,...
research8,Mon Jun 01 16:19:31 KST 2020,51616900,...
research8,Mon Jun 01 16:19:32 KST 2020,43231900,...
research9,Mon Jun 01 16:19:32 KST 2020,30338600,...
research9,Mon Jun 01 16:19:32 KST 2020,34737000,...
research9,Mon Jun 01 16:19:32 KST 2020,38210200,...
research9,Mon Jun 01 16:19:32 KST 2020,33417000,...
research9,Mon Jun 01 16:19:33 KST 2020,50668700,...
research9,Mon Jun 01 16:19:33 KST 2020,54975100,...
research9,Mon Jun 01 16:19:33 KST 2020,51774500,...
research9,Mon Jun 01 16:19:33 KST 2020,51056300,...
research9,Mon Jun 01 16:19:33 KST 2020,33106900,...
research9,Mon Jun 01 16:19:33 KST 2020,55611600,...
research10,Mon Jun 01 16:19:34 KST 2020,50506700,...
research10,Mon Jun 01 16:19:34 KST 2020,34746600,...
research10,Mon Jun 01 16:19:34 KST 2020,52374900,...
research10,Mon Jun 01 16:19:34 KST 2020,40945800,...
research10,Mon Jun 01 16:19:34 KST 2020,32445000,...
research10,Mon Jun 01 16:19:35 KST 2020,31306700,...
research10,Mon Jun 01 16:19:35 KST 2020,35236800,...
research10,Mon Jun 01 16:19:35 KST 2020,52710900,...
research10,Mon Jun 01 16:19:35 KST 2020,51602000,...
research10,Mon Jun 01 16:19:35 KST 2020,46027000,...
